Variable,Analytical role,Expected observations,Available observations,Missing observations,Countries with data,Observed years,Treatment
HealthExp_GDP,Primary health expenditure burden outcome,518,518,0,37,2010–2023,Core panel; no imputation required
Gov_Share,Supplementary public-financing structure,518,41,477,3,2010–2023,Restricted-sample only; not imputed to full panel
Pop65,Core population-aging predictor,518,518,0,37,2010–2023,Core panel
Dependency,Core demographic predictor,518,518,0,37,2010–2023,Core panel
LTC_Workers,Supplementary LTC-workforce capacity,518,58,460,16,2020–2023,Restricted-sample only; not imputed to full panel
GDP_pc,Core macroeconomic predictor,518,518,0,37,2010–2023,Core panel
Public_Exposure,Derived public-financing exposure,NA,NA,NA,3,Derived where parent data exist,Restricted-sample deterministic transformation
FPI,Derived Fiscal Pressure Index,518,518,0,37,2010–2023,Descriptive deterministic transformation
Worker_Ratio,Derived workforce ratio,NA,NA,NA,16,2020–2023,Restricted-sample deterministic transformation
Affordability,Derived affordability ratio,518,518,0,37,2010–2023,Descriptive deterministic transformation

